Berk,Simonaitis,53,EPL
Christophe,Louw,21,EPL
Kaleb,Albasini,31,EPL
Lannie,Trimme,42,EPL
Colin,Pearcey,59,EPL
Karel,Ianne,24,EPL
West,Allder,24,EPL
Myles,Lumm,34,EPL
Bren,Tembey,38,EPL
Basil,Matusiak,25,EPL
Eldin,Elsegood,59,EPL
Edlin,Wintle,33,EPL
Meade,Peris,60,EPL
Vincents,Gerin,61,EPL
Langston,Groucutt,40,SLA
Maxie,Castelletti,43,SLA
Logan,Wettern,38,SLA
Chev,Snowden,47,SLA
Weylin,Todhunter,64,SLA
Gareth,Rhydderch,65,SLA
Tyson,Barnsdall,23,SLA
Jory,de Savery,21,SLA
Thorn,Lorroway,61,SLA
Bevan,Markovic,50,SLA
Hagan,Peerless,35,SLA
Lorenzo,Costall,57,SLA
Addy,Orteaux,41,SLA
Aluin,Chappelow,51,SLA
Natale,Fedynski,24,SLA
Devlen,Iacovini,41,ISA
Isidoro,Braunston,57,ISA
Osbert,Colquyte,36,ISA
Casey,Sheara,51,ISA
Arturo,Leisk,52,ISA
Irving,Grubey,31,ISA
Kerk,Rown,31,ISA
Cirilo,Dhennin,24,ISA
Euell,Massot,41,ISA
Mandel,Bratchell,20,ISA
Abbe,Taylder,60,ISA
Freedman,Shellibeer,21,ISA
Skipp,Giametti,22,ISA
Giavani,Grundle,42,ISA
Dalt,Nunnerley,35,ISA
Ambrosius,Siddens,42,FL1
Darb,Trousdell,32,FL1
Tiler,Kersaw,41,FL1
Benjamen,Seckom,50,FL1
Frank,Redington,42,FL1
Park,Mottram,64,FL1
Morty,Roomes,60,FL1
Pace,Agar,51,FL1
Kennith,Tellenbroker,64,FL1
Hersh,Garbar,58,FL1
Trever,Kingsnoad,23,FL1
Andrey,Attfield,41,FL1
Matias,Saylor,54,FL1
Merwin,Pouck,38,FL1
Pedro,Gilberthorpe,32,FL1
Ronald,Sandeson,24,FL1
Xavier,Steffens,59,GBL
Symon,Ledbetter,52,GBL
Salomone,Mayger,37,GBL
Terrill,Haddington,65,GBL
Rollins,Abrahamowitcz,31,GBL
Gothart,Owers,24,GBL
Clevey,Roof,45,GBL
Andres,Alps,62,GBL
Chip,Unthank,64,GBL
Lev,Jakubowicz,28,GBL
Zachery,Pikesley,25,GBL
Granny,De Laspee,38,GBL
Witty,Boate,37,GBL
Fraser,Bushby,43,GBL
Cornell,Slite,44,GBL
Dunc,Ovitz,22,GBL